Name,Version,License,Download URL,Copyright,,,,,
@kui-shell/core,2.35.0-dev.3127.49,Apache-2.0,https://github.com/IBM/kui,,,,,,
@kui-shell/core,2.35.0-dev.3282.49,Apache-2.0,https://github.com/IBM/kui,,,,,,
@kui-shell/plugin-bash-like,0.24.0-dev.3127.49,Apache-2.0,https://github.com/IBM/kui,,,,,,
@kui-shell/plugin-bash-like,0.24.0-dev.3282.49,Apache-2.0,https://github.com/IBM/kui,,,,,,
@kui-shell/plugin-core-support,0.35.0-dev.3282.49,Apache-2.0,https://github.com/IBM/kui,,,,,,
@kui-shell/plugin-editor,0.24.0-dev.3282.49,Apache-2.0,https://github.com/IBM/kui,,,,,,
@kui-shell/plugin-k8s,0.35.0-dev.3282.49,Apache-2.0,https://github.com/IBM/kui,,,,,,
@kui-shell/plugin-k8s,0.35.0-dev.3312.49,Apache-2.0,https://github.com/IBM/kui,,,,,,
@kui-shell/plugin-proxy-support,0.35.0-dev.3282.49,Apache-2.0,https://github.com/IBM/kui,,,,,,
@kui-shell/proxy,0.35.0-dev.3282.49,Apache-2.0,https://github.com/IBM/kui,,,,,,
@kui-shell/proxy-webapp,0.0.1,Apache-2.0,https://github.com/IBM/kui,* Copyright 2019 IBM Corporation,,,,,
@kui-shell/search-kui-plugin,0.0.0-semantically-released,ISC,https://github.com/IBM/kui,* Copyright 2019 IBM Corporation,,,,,
@kui-shell/webpack,0.1.0-dev.3282.49,Apache-2.0,https://github.com/IBM/kui,,,,,,
@types/glob,7.1.1,MIT,https://github.com/DefinitelyTyped/DefinitelyTyped,Copyright (c) Microsoft Corporation. All rights reserved.,,,,,
@types/minimatch,3.0.3,MIT,https://github.com/DefinitelyTyped/DefinitelyTyped,Copyright (c) Microsoft Corporation. All rights reserved.,,,,,
@types/node,12.0.10,MIT,https://github.com/DefinitelyTyped/DefinitelyTyped,Copyright (c) Microsoft Corporation. All rights reserved.,,,,,
@webassemblyjs/ast,1.7.10,MIT,https://github.com/xtuc/webassemblyjs,Copyright (c) 2018 Sven Sauleau <sven@sauleau.com>,,,,,
@webassemblyjs/ast,1.8.5,MIT,https://github.com/xtuc/webassemblyjs,Copyright (c) 2018 Sven Sauleau <sven@sauleau.com>,,,,,
@webassemblyjs/floating-point-hex-parser,1.8.5,MIT,https://github.com/xtuc/webassemblyjs,Copyright (c) 2017 Mauro Bringolf,,,,,
@webassemblyjs/helper-api-error,1.8.5,MIT,https://github.com/xtuc/webassemblyjs,Copyright (c) 2018 Sven Sauleau <sven@sauleau.com>,,,,,
@webassemblyjs/helper-buffer,1.8.5,MIT,https://github.com/xtuc/webassemblyjs,Copyright (c) 2018 Sven Sauleau <sven@sauleau.com>,,,,,
@webassemblyjs/helper-code-frame,1.7.10,MIT,https://github.com/xtuc/webassemblyjs,Copyright (c) 2018 Sven Sauleau <sven@sauleau.com>,,,,,
@webassemblyjs/helper-code-frame,1.8.5,MIT,https://github.com/xtuc/webassemblyjs,Copyright (c) 2018 Sven Sauleau <sven@sauleau.com>,,,,,
@webassemblyjs/helper-fsm,1.8.5,ISC,https://github.com/xtuc/webassemblyjs,Copyright (c) 2018 Sven Sauleau <sven@sauleau.com>,,,,,
@webassemblyjs/helper-module-context,1.8.5,MIT,https://github.com/xtuc/webassemblyjs,Copyright (c) 2018 Sven Sauleau <sven@sauleau.com>,,,,,
@webassemblyjs/helper-wasm-bytecode,1.7.10,MIT,https://github.com/xtuc/webassemblyjs,Copyright (c) 2018 Sven Sauleau <sven@sauleau.com>,,,,,
@webassemblyjs/helper-wasm-bytecode,1.8.5,MIT,https://github.com/xtuc/webassemblyjs,Copyright (c) 2018 Sven Sauleau <sven@sauleau.com>,,,,,
@webassemblyjs/helper-wasm-section,1.7.10,MIT,https://github.com/xtuc/webassemblyjs,Copyright (c) 2018 Sven Sauleau <sven@sauleau.com>,,,,,
@webassemblyjs/helper-wasm-section,1.8.5,MIT,https://github.com/xtuc/webassemblyjs,Copyright (c) 2018 Sven Sauleau <sven@sauleau.com>,,,,,
@webassemblyjs/ieee754,1.8.5,MIT,https://github.com/xtuc/webassemblyjs,Copyright (c) 2018 Sven Sauleau <sven@sauleau.com>,,,,,
@webassemblyjs/leb128,1.8.5,MIT,https://github.com/xtuc/webassemblyjs,Copyright 2012 The Obvious Corporation.,,,,,
@webassemblyjs/utf8,1.8.5,MIT,https://github.com/xtuc/webassemblyjs,Copyright (c) 2018 Sven Sauleau <sven@sauleau.com>,,,,,
@webassemblyjs/wasm-edit,1.7.10,MIT,https://github.com/xtuc/webassemblyjs,Copyright (c) 2018 Sven Sauleau <sven@sauleau.com>,,,,,
@webassemblyjs/wasm-edit,1.8.5,MIT,https://github.com/xtuc/webassemblyjs,Copyright (c) 2018 Sven Sauleau <sven@sauleau.com>,,,,,
@webassemblyjs/wasm-gen,1.7.10,MIT,https://github.com/xtuc/webassemblyjs,Copyright (c) 2018 Sven Sauleau <sven@sauleau.com>,,,,,
@webassemblyjs/wasm-gen,1.8.5,MIT,https://github.com/xtuc/webassemblyjs,Copyright (c) 2018 Sven Sauleau <sven@sauleau.com>,,,,,
@webassemblyjs/wasm-opt,1.7.10,MIT,https://github.com/xtuc/webassemblyjs,Copyright (c) 2018 Sven Sauleau <sven@sauleau.com>,,,,,
@webassemblyjs/wasm-opt,1.8.5,MIT,https://github.com/xtuc/webassemblyjs,Copyright (c) 2018 Sven Sauleau <sven@sauleau.com>,,,,,
@webassemblyjs/wasm-parser,1.7.10,MIT,https://github.com/xtuc/webassemblyjs,Copyright (c) 2018 Sven Sauleau <sven@sauleau.com>,,,,,
@webassemblyjs/wasm-parser,1.8.5,MIT,https://github.com/xtuc/webassemblyjs,Copyright (c) 2018 Sven Sauleau <sven@sauleau.com>,,,,,
@webassemblyjs/wast-parser,1.7.10,MIT,https://github.com/xtuc/webassemblyjs,Copyright (c) 2018 Sven Sauleau <sven@sauleau.com>,,,,,
@webassemblyjs/wast-parser,1.8.5,MIT,https://github.com/xtuc/webassemblyjs,Copyright (c) 2018 Sven Sauleau <sven@sauleau.com>,,,,,
@webassemblyjs/wast-printer,1.7.10,MIT,https://github.com/xtuc/webassemblyjs,Copyright (c) 2018 Sven Sauleau <sven@sauleau.com>,,,,,
@webassemblyjs/wast-printer,1.8.5,MIT,https://github.com/xtuc/webassemblyjs,Copyright (c) 2018 Sven Sauleau <sven@sauleau.com>,,,,,
@xtuc/ieee754,1.2.0,BSD-3-Clause,https://github.com/feross/ieee754,Copyright (c) 2008- Fair Oaks Labs- Inc. All rights reserved.,,,,,
@xtuc/long,4.2.2,Apache-2.0,https://github.com/dcodeIO/long.js,Copyright (c) 2018 Sven Sauleau <sven@sauleau.com>,,,,,
acorn,5.7.3,MIT,https://github.com/acornjs/acorn,Copyright (C) 2012-2018 by various contributors (see AUTHORS),,,,,
acorn,6.2.1,MIT,https://github.com/acornjs/acorn,Copyright (C) 2012-2018 by various contributors (see AUTHORS),,,,,
acorn-dynamic-import,4.0.0,MIT,https://github.com/kesne/acorn-dynamic-import,Copyright (c) 2016 Jordan Gensler,,,,,
ajv-errors,1.0.1,MIT,https://github.com/epoberezkin/ajv-errors,Copyright (c) 2017 Evgeny Poberezkin,,,,,
ajv-keywords,3.4.1,MIT,https://github.com/epoberezkin/ajv-keywords,Copyright (c) 2016 Evgeny Poberezkin,,,,,
ansi-colors,3.2.3,MIT,https://github.com/doowb/ansi-colors,Copyright (c) 2015-present- Brian Woodward.,,,,,
ansi-html,0.0.7,Apache-2.0,https://github.com/Tjatse/ansi-html,,,,,,
ansi-regex,4.1.0,MIT,https://github.com/chalk/ansi-regex,Copyright (c) Sindre Sorhus <sindresorhus@gmail.com> (sindresorhus.com),,,,,
ansi-styles,3.2.1,MIT,https://github.com/chalk/ansi-styles,Copyright (c) Sindre Sorhus <sindresorhus@gmail.com> (sindresorhus.com),,,,,
anymatch,2.0.0,ISC,https://github.com/micromatch/anymatch,Copyright (c) 2014 Elan Shanker,,,,,
app-module-path,2.2.0,BSD-2-Clause,https://github.com/patrick-steele-idem/app-module-path-node,"Copyright (c) 2014-2017, Patrick Steele-Idem, All rights reserved.",,,,,
aproba,1.2.0,ISC,https://github.com/iarna/aproba,Copyright (c) 2015- Rebecca Turner,,,,,
archiver,3.0.0,MIT,https://github.com/archiverjs/node-archiver,Copyright (c) 2012-2014 Chris Talkington- contributors.,,,,,
archiver-utils,2.1.0,MIT,https://github.com/archiverjs/archiver-utils,Copyright (c) 2015 Chris Talkington.,,,,,
are-we-there-yet,1.1.5,ISC,https://github.com/iarna/are-we-there-yet,Copyright (c) 2015- Rebecca Turner,,,,,
arr-flatten,1.1.0,MIT,https://github.com/jonschlinkert/arr-flatten,Copyright (c) 2014-2017- Jon Schlinkert.,,,,,
array-flatten,2.1.2,MIT,https://github.com/blakeembrey/array-flatten,Copyright (c) 2014 Blake Embrey (hello@blakeembrey.com),,,,,
array-union,1.0.2,MIT,https://github.com/sindresorhus/array-union,Copyright (c) Sindre Sorhus <sindresorhus@gmail.com> (sindresorhus.com),,,,,
array-uniq,1.0.3,MIT,https://github.com/sindresorhus/array-uniq,Copyright (c) Sindre Sorhus <sindresorhus@gmail.com> (sindresorhus.com),,,,,
asn1.js,4.10.1,MIT,https://github.com/indutny/asn1.js,Copyright Fedor Indutny- 2013.,,,,,
assert,1.5.0,MIT,https://github.com/browserify/commonjs-assert,Copyright Joyent- Inc. and other Node contributors. All rights reserved.,,,,,
ast-types,0.9.6,MIT,http://github.com/benjamn/ast-types,Copyright (c) 2013 Ben Newman <bn@cs.stanford.edu>,,,,,
async,2.6.3,MIT,https://caolan.github.io/async/,Copyright (c) 2010-2018 Caolan McMahon,,,,,
async-each,1.0.3,MIT,https://github.com/paulmillr/async-each/,Copyright (c) 2016 Paul Miller (paulmillr.com),,,,,
async-limiter,1.0.0,MIT,https://github.com/strml/async-limiter,Copyright (c) 2017 Samuel Reed <samuel.trace.reed@gmail.com>,,,,,
base62,1.2.8,MIT,https://github.com/andrew/base62.js,Copyright (c) 2016 Andrew Nesbitt,,,,,
base64-js,1.3.0,MIT,https://github.com/beatgammit/base64-js,Copyright (c) 2014,,,,,
batch,0.6.1,MIT,https://github.com/visionmedia/batch,Copyright (c) 2013 TJ Holowaychuk <tj@vision-media.ca>,,,,,
big.js,3.2.0,MIT,https://github.com/MikeMcl/big.js,Copyright (c) 2012 Michael Mclaughlin,,,,,
big.js,5.2.2,MIT,https://github.com/MikeMcl/big.js,Copyright (c) 2018 Michael Mclaughlin,,,,,
binary-extensions,1.13.1,MIT,https://github.com/sindresorhus/binary-extensions,Copyright (c) Sindre Sorhus <sindresorhus@gmail.com> (sindresorhus.com),,,,,
bluebird,3.5.5,MIT,https://github.com/petkaantonov/bluebird,Copyright (c) 2013-2018 Petka Antonov,,,,,
bn.js,4.11.8,MIT,https://github.com/indutny/bn.js,Copyright Fedor Indutny- 2015.,,,,,
body-parser,1.18.3,MIT,https://github.com/expressjs/body-parser,Copyright (c) 2014 Jonathan Ong <me@jongleberry.com>,,,,,
body-parser,1.19.0,MIT,https://github.com/expressjs/body-parser,Copyright (c) 2014 Jonathan Ong <me@jongleberry.com>,,,,,
bonjour,3.5.0,MIT,https://github.com/watson/bonjour,Copyright (c) 2015-2016 Thomas Watson Steen,,,,,
brorand,1.1.0,MIT,https://github.com/indutny/brorand,Copyright Fedor Indutny- 2014.,,,,,
brotli,1.3.2,MIT,https://github.com/devongovett/brotli.js,/* Copyright 2013 Google Inc. All Rights Reserved.,,,,,
brotli-webpack-plugin,1.1.0,MIT,https://github.com/mynameiswhm/brotli-webpack-plugin,Copyright (c) 2016 Ilia Saulenko <hi@mynameiswhm.ru>,,,,,
browserify-aes,1.2.0,MIT,https://github.com/crypto-browserify/browserify-aes,Copyright (c) 2014-2017 browserify-aes contributors,,,,,
browserify-cipher,1.0.1,MIT,https://github.com/crypto-browserify/browserify-cipher,Copyright (c) 2014-2017 Calvin Metcalf & contributors,,,,,
browserify-des,1.0.2,MIT,https://github.com/crypto-browserify/browserify-des,Copyright (c) 2014-2017 Calvin Metcalf- Fedor Indutny & contributors,,,,,
browserify-rsa,4.0.1,MIT,https://github.com/crypto-browserify/browserify-rsa,Copyright (c) 2014-2015 Calvin Metcalf & contributors,,,,,
browserify-sign,4.0.4,ISC,https://github.com/crypto-browserify/browserify-sign,Copyright (c) 2014-2015 Calvin Metcalf and browserify-sign contributors,,,,,
browserify-zlib,0.2.0,MIT,https://github.com/devongovett/browserify-zlib,Copyright (c) 2014-2015 Devon Govett <devongovett@gmail.com>,,,,,
buffer,4.9.1,MIT,https://github.com/feross/buffer,Copyright (c) Feross Aboukhadijeh- and other contributors.,,,,,
buffer,5.2.1,MIT,https://github.com/feross/buffer,Copyright (c) Feross Aboukhadijeh- and other contributors.,,,,,
buffer-crc32,0.2.13,MIT,https://github.com/brianloveswords/buffer-crc32,Copyright (c) 2013 Brian J. Brennan,,,,,
buffer-indexof,1.1.1,MIT,https://github.com/soldair/node-buffer-indexof,Copyright (c) 2013 Ryan Day,,,,,
buffer-xor,1.0.3,MIT,https://github.com/crypto-browserify/buffer-xor,Copyright (c) 2015 Daniel Cousens,,,,,
builtin-status-codes,3.0.0,MIT,https://github.com/bendrucker/builtin-status-codes,Copyright (c) Ben Drucker <bvdrucker@gmail.com> (bendrucker.me),,,,,
bytes,3.1.0,MIT,https://github.com/visionmedia/bytes.js,Copyright (c) 2012-2014 TJ Holowaychuk <tj@vision-media.ca>,,,,,
cacache,11.3.3,ISC,https://github.com/zkat/cacache,Copyright (c) npm- Inc.,,,,,
camelcase,5.3.1,MIT,https://github.com/sindresorhus/camelcase,Copyright (c) Sindre Sorhus <sindresorhus@gmail.com> (sindresorhus.com),,,,,
chalk,2.4.2,MIT,https://github.com/chalk/chalk,Copyright (c) Sindre Sorhus <sindresorhus@gmail.com> (sindresorhus.com),,,,,
chokidar,2.1.6,MIT,https://github.com/paulmillr/chokidar,Copyright (c) 2012-2019 Paul Miller (https://paulmillr.com) & Elan Shanker,,,,,
chownr,1.1.2,ISC,https://github.com/isaacs/chownr,Copyright (c) Isaac Z. Schlueter and Contributors,,,,,
chrome-trace-event,1.0.2,MIT,https://github.com/samccone/chrome-trace-event,Copyright (c) 2015 Joyent Inc. All rights reserved.,,,,,
cipher-base,1.0.4,MIT,https://github.com/crypto-browserify/cipher-base,Copyright (c) 2017 crypto-browserify contributors,,,,,
cliui,4.1.0,ISC,https://github.com/yargs/cliui,Copyright (c) 2015- Contributors,,,,,
cliui,5.0.0,ISC,https://github.com/yargs/cliui,Copyright (c) 2015- Contributors,,,,,
color-convert,1.9.3,MIT,https://github.com/Qix-/color-convert,Copyright (c) 2011-2016 Heather Arthur <fayearthur@gmail.com>,,,,,
color-name,1.1.3,MIT,https://github.com/dfcreative/color-name,Copyright (c) 2015 Dmitry Ivanov,,,,,
colors,1.3.3,MIT,https://github.com/Marak/colors.js,- Copyright (c) Marak Squires,,,,,
columnify,1.5.4,MIT,https://github.com/timoxley/columnify,Copyright (c) 2013 Tim Oxley,,,,,
command-exists,1.2.8,MIT,https://github.com/mathisonian/command-exists,Copyright (c) 2014 Matthew Conlen,,,,,
commondir,1.0.1,MIT,https://github.com/substack/node-commondir,Copyright (c) 2013 James Halliday (mail@substack.net),,,,,
commoner,0.10.8,MIT,http://github.com/benjamn/commoner,Copyright (c) 2013 Ben Newman <bn@cs.stanford.edu>,,,,,
compress-commons,2.0.0,MIT,https://github.com/archiverjs/node-compress-commons,Copyright (c) 2014 Chris Talkington- contributors.,,,,,
compressible,2.0.17,MIT,https://github.com/jshttp/compressible,Copyright (c) 2013 Jonathan Ong <me@jongleberry.com>,,,,,
compression,1.7.4,MIT,https://github.com/expressjs/compression,Copyright (c) 2014 Jonathan Ong <me@jongleberry.com>,,,,,
compression-webpack-plugin,3.0.0,MIT,https://github.com/webpack-contrib/compression-webpack-plugin,Copyright JS Foundation and other contributors,,,,,
config-chain,1.1.12,,http://github.com/dominictarr/config-chain,Copyright (c) 2011 Dominic Tarr,,,,,
connect-history-api-fallback,1.6.0,MIT,https://github.com/bripkens/connect-history-api-fallback,Copyright (c) 2012 Ben Ripkens http://bripkens.de,,,,,
console-browserify,1.1.0,,https://github.com/Raynos/console-browserify,Copyright (c) 2012 Raynos.,,,,,
constants-browserify,1.0.0,MIT,https://github.com/juliangruber/constants-browserify,Copyright (c) 2013 Julian Gruber &lt;julian@juliangruber.com&gt;,,,,,
content-disposition,0.5.3,MIT,https://github.com/jshttp/content-disposition,Copyright (c) 2014-2017 Douglas Christopher Wilson,,,,,
cookie,0.4.0,MIT,https://github.com/jshttp/cookie,Copyright (c) 2012-2014 Roman Shtylman <shtylman@gmail.com>,,,,,
cookie-parser,1.4.4,MIT,https://github.com/expressjs/cookie-parser,Copyright (c) 2014 TJ Holowaychuk <tj@vision-media.ca>,,,,,
copy-concurrently,1.0.5,ISC,https://www.npmjs.com/package/copy-concurrently,Copyright (c) 2017- Rebecca Turner,,,,,
crc,3.8.0,MIT,https://github.com/alexgorbatchev/node-crc,Copyright 2014 Alex Gorbatchev,,,,,
crc32-stream,2.0.0,MIT,https://github.com/archiverjs/node-crc32-stream,Copyright (c) 2014 Chris Talkington- contributors.,,,,,
create-ecdh,4.0.3,MIT,https://github.com/crypto-browserify/createECDH,Copyright (c) 2014-2017 createECDH contributors,,,,,
create-hash,1.2.0,MIT,https://github.com/crypto-browserify/createHash,Copyright (c) 2017 crypto-browserify contributors,,,,,
create-hmac,1.1.7,MIT,https://github.com/crypto-browserify/createHmac,Copyright (c) 2017 crypto-browserify contributors,,,,,
crypto-browserify,3.12.0,MIT,https://github.com/crypto-browserify/crypto-browserify,Copyright (c) 2013 Dominic Tarr,,,,,
css-loader,3.0.0,MIT,https://github.com/webpack-contrib/css-loader,Copyright JS Foundation and other contributors,,,,,
cssesc,3.0.0,MIT,https://mths.be/cssesc,Copyright Mathias Bynens <https://mathiasbynens.be/>,,,,,
cyclist,0.2.2,MIT,https://github.com/mafintosh/cyclist,Copyright (c) 2015 Mathias Buus,,,,,
date-now,0.1.4,MIT,https://github.com/Colingo/date-now,Copyright (c) 2012 Colingo.,,,,,
debug,4.1.1,MIT,https://github.com/visionmedia/debug,Copyright (c) 2014 TJ Holowaychuk <tj@vision-media.ca>,,,,,
decompress-response,3.3.0,MIT,https://github.com/sindresorhus/decompress-response,Copyright (c) Sindre Sorhus <sindresorhus@gmail.com> (sindresorhus.com),,,,,
deep-extend,0.6.0,MIT,https://github.com/unclechu/node-deep-extend,Copyright (c) 2013-2018- Viacheslav Lotsmanov,,,,,
default-gateway,4.2.0,BSD-2-Clause,https://github.com/silverwind/default-gateway,Copyright (c) silverwind All rights reserved.,,,,,
defaults,1.0.3,MIT,https://github.com/tmpvar/defaults,Copyright (c) 2015 Elijah Insua,,,,,
del,4.1.1,MIT,https://github.com/sindresorhus/del,Copyright (c) Sindre Sorhus <sindresorhus@gmail.com> (sindresorhus.com),,,,,
des.js,1.0.0,MIT,https://github.com/indutny/des.js,Copyright Fedor Indutny- 2015.,,,,,
detect-file,1.0.0,MIT,https://github.com/doowb/detect-file,Copyright (c) 2016-2017- Brian Woodward.,,,,,
detect-libc,1.0.3,Apache-2.0,https://github.com/lovell/detect-libc,,,,,,
detect-node,2.0.4,ISC,https://github.com/iliakan/detect-node,Copyright (c) 2017 Ilya Kantor,,,,,
detective,4.7.1,MIT,https://github.com/browserify/detective,N/A no copyright in license,,,,,
diff,4.0.1,BSD-3-Clause,https://github.com/kpdecker/jsdiff,Copyright (c) 2009-2015- Kevin Decker <kpdecker@gmail.com>  All rights reserved.,,,,,
diff2html,2.10.0,MIT,https://diff2html.xyz,Copyright 2014-2016 Rodrigo Fernandes https://rtfpessoa.github.io/,,,,,
diffie-hellman,5.0.3,MIT,https://github.com/crypto-browserify/diffie-hellman,Copyright (c) 2017 Calvin Metcalf,,,,,
dns-equal,1.0.0,MIT,https://github.com/watson/dns-equal,Copyright (c) 2016 Thomas Watson Steen,,,,,
dns-packet,1.3.1,MIT,https://github.com/mafintosh/dns-packet,Copyright (c) 2016 Mathias Buus,,,,,
dns-txt,2.0.2,MIT,https://github.com/watson/dns-txt,Copyright (c) 2015 Thomas Watson Steen,,,,,
domain-browser,1.2.0,MIT,https://github.com/bevry/domain-browser,Copyright © 2013+ Bevry Pty Ltd,,,,,
duplexify,3.7.1,MIT,https://github.com/mafintosh/duplexify,Copyright (c) 2014 Mathias Buus,,,,,
editorconfig,0.15.3,MIT,https://github.com/editorconfig/editorconfig-core-js,Copyright ¬© 2012 EditorConfig Team,,,,,
electron-context-menu,0.12.1,MIT,https://github.com/sindresorhus/electron-context-menu,Copyright (c) Sindre Sorhus <sindresorhus@gmail.com> (sindresorhus.com),,,,,
electron-dl,1.14.0,MIT,https://github.com/sindresorhus/electron-dl,Copyright (c) Sindre Sorhus <sindresorhus@gmail.com> (sindresorhus.com),,,,,
electron-is-dev,1.1.0,MIT,https://github.com/sindresorhus/electron-is-dev,Copyright (c) Sindre Sorhus <sindresorhus@gmail.com> (sindresorhus.com),,,,,
electron-squirrel-startup,1.0.0,Apache-2.0,http://github.com/mongodb-js/electron-squirrel-startup,,,,,,
elliptic,6.5.0,MIT,https://github.com/indutny/elliptic,Copyright Fedor Indutny- 2014.,,,,,
emoji-regex,7.0.3,MIT,https://mths.be/emoji-regex,Copyright Mathias Bynens <https://mathiasbynens.be/>,,,,,
emojis-list,2.1.0,MIT,https://github.com/Kikobeats/emojis-list,Copyright ¬© 2015 Kiko Beats,,,,,
enhanced-resolve,4.1.0,,http://github.com/webpack/enhanced-resolve,Copyright JS Foundation and other contributors,,,,,
envify,3.4.1,MIT,https://github.com/hughsk/envify,N/A no copyright in license,,,,,
errno,0.1.7,MIT,https://github.com/rvagg/node-errno,## Copyright & Licence,,,,,
eslint-scope,4.0.3,BSD-2-Clause,http://github.com/eslint/eslint-scope,Copyright JS Foundation and other contributors- https://js.foundation,,,,,
esprima-fb,15001.1.0-dev-harmony-fb,,https://github.com/facebook/esprima/tree/fb-harmony,Copyright (C) 2012 Ariya Hidayat <ariya.hidayat@gmail.com>,,,,,
esrecurse,4.2.1,BSD-2-Clause,https://github.com/estools/esrecurse,Copyright (C) 2014 Yusuke Suzuki <utatane.tea@gmail.com>,,,,,
events,3.0.0,MIT,https://github.com/Gozala/events,Copyright Joyent- Inc. and other Node contributors.,,,,,
eventsource,1.0.7,MIT,http://github.com/EventSource/eventsource,Copyright (c) EventSource GitHub organisation,,,,,
evp_bytestokey,1.0.3,MIT,https://github.com/crypto-browserify/EVP_BytesToKey,Copyright (c) 2017 crypto-browserify contributors,,,,,
execa,1.0.0,MIT,https://github.com/sindresorhus/execa,Copyright (c) Sindre Sorhus <sindresorhus@gmail.com> (sindresorhus.com),,,,,
expand-template,2.0.3,WTFPL,https://github.com/ralphtheninja/expand-template,Copyright (c) 2018 Lars-Magnus Skog,,,,,
expand-tilde,2.0.2,MIT,https://github.com/jonschlinkert/expand-tilde,Copyright (c) 2015-2016- Jon Schlinkert.,,,,,
express,4.16.4,MIT,http://expressjs.com/,Copyright (c) 2009-2014 TJ Holowaychuk <tj@vision-media.ca>,,,,,
express,4.17.1,MIT,http://expressjs.com/,Copyright (c) 2009-2014 TJ Holowaychuk <tj@vision-media.ca>,,,,,
ext-list,2.2.2,MIT,https://github.com/kevva/ext-list,Copyright (c) Kevin M√•rtensson <kevinmartensson@gmail.com>,,,,,
ext-name,5.0.0,MIT,https://github.com/kevva/ext-name,Copyright (c) Kevin M√•rtensson <kevinmartensson@gmail.com>,,,,,
extract-zip,1.6.7,BSD-2-Clause,https://github.com/maxogden/extract-zip,Copyright (c) 2014 Max Ogden and other contributors All rights reserved.,,,,,
faye-websocket,0.10.0,MIT,http://github.com/faye/faye-websocket-node,Copyright (c) 2010-2015 James Coglan,,,,,
faye-websocket,0.11.3,Apache-2.0,https://github.com/faye/faye-websocket-node,Copyright 2010-2019 James Coglan,,,,,
fd-slicer,1.0.1,MIT,https://github.com/andrewrk/node-fd-slicer,Copyright (c) 2014 Andrew Kelley,,,,,
figgy-pudding,3.5.1,ISC,https://github.com/zkat/figgy-pudding,Copyright (c) npm- Inc.,,,,,
file-loader,4.0.0,MIT,https://github.com/webpack-contrib/file-loader,Copyright JS Foundation and other contributors,,,,,
finalhandler,1.1.2,MIT,https://github.com/pillarjs/finalhandler,Copyright (c) 2014-2017 Douglas Christopher Wilson <doug@somethingdoug.com>,,,,,
find-cache-dir,2.1.0,MIT,https://github.com/avajs/find-cache-dir,Copyright (c) James Talmage <james@talmage.io> (github.com/jamestalmage),,,,,
find-cache-dir,3.0.0,MIT,https://github.com/avajs/find-cache-dir,Copyright (c) James Talmage <james@talmage.io> (github.com/jamestalmage),,,,,
find-up,3.0.0,MIT,https://github.com/sindresorhus/find-up,Copyright (c) Sindre Sorhus <sindresorhus@gmail.com> (sindresorhus.com),,,,,
find-up,4.1.0,MIT,https://github.com/sindresorhus/find-up,Copyright (c) Sindre Sorhus <sindresorhus@gmail.com> (sindresorhus.com),,,,,
findup-sync,3.0.0,MIT,https://github.com/gulpjs/findup-sync,Copyright (c) 2013-2018 Ben Alman <cowboy@rj3.net>- Blaine Bublitz <blaine.bublitz@gmail.com>- and Eric Schoffstall <yo@contra.io>,,,,,
flush-write-stream,1.1.1,MIT,https://github.com/mafintosh/flush-write-stream,Copyright (c) 2015 Mathias Buus,,,,,
for-in,1.0.2,MIT,https://github.com/jonschlinkert/for-in,Copyright (c) 2014-2017- Jon Schlinkert,,,,,
from2,2.3.0,MIT,https://github.com/hughsk/from2,Copyright (c) 2014 Hugh Kennedy,,,,,
fs-extra,8.0.1,MIT,https://github.com/jprichardson/node-fs-extra,Copyright (c) 2011-2017 JP Richardson,,,,,
fs-minipass,1.2.5,ISC,https://github.com/npm/fs-minipass,Copyright (c) Isaac Z. Schlueter and Contributors,,,,,
fs-write-stream-atomic,1.0.10,ISC,https://github.com/npm/fs-write-stream-atomic,Copyright (c) Isaac Z. Schlueter and Contributors,,,,,
fsevents,1.2.9,MIT,https://github.com/strongloop/fsevents,Copyright (C) 2010-2014 Philipp Dunkel,,,,,
get-caller-file,1.0.3,ISC,https://github.com/stefanpenner/get-caller-file,Copyright 2018 Stefan Penner,,,,,
get-caller-file,2.0.5,ISC,https://github.com/stefanpenner/get-caller-file,Copyright 2018 Stefan Penner,,,,,
get-stream,4.1.0,MIT,https://github.com/sindresorhus/get-stream,Copyright (c) Sindre Sorhus <sindresorhus@gmail.com> (sindresorhus.com),,,,,
github-from-package,0.0.0,MIT,https://github.com/substack/github-from-package,N/A no copyright in license,,,,,
global-modules,1.0.0,MIT,https://github.com/jonschlinkert/global-modules,Copyright (c) 2015-2017- Jon Schlinkert.,,,,,
global-modules,2.0.0,MIT,https://github.com/jonschlinkert/global-modules,Copyright (c) 2015-present- Jon Schlinkert.,,,,,
global-prefix,1.0.2,MIT,https://github.com/jonschlinkert/global-prefix,Copyright (c) 2015-2017- Jon Schlinkert.,,,,,
global-prefix,3.0.0,MIT,https://github.com/jonschlinkert/global-prefix,Copyright (c) 2015-present- Jon Schlinkert.,,,,,
globby,6.1.0,MIT,https://github.com/sindresorhus/globby,Copyright (c) Sindre Sorhus <sindresorhus@gmail.com> (sindresorhus.com),,,,,
graceful-fs,4.2.0,ISC,https://github.com/isaacs/node-graceful-fs,Copyright (c) Isaac Z. Schlueter- Ben Noordhuis- and Contributors,,,,,
handle-thing,2.0.0,MIT,https://github.com/spdy-http2/handle-thing,Copyright Fedor Indutny- 2015.,,,,,
has-flag,3.0.0,MIT,https://github.com/sindresorhus/has-flag,Copyright (c) Sindre Sorhus <sindresorhus@gmail.com> (sindresorhus.com),,,,,
hash-base,3.0.4,MIT,https://github.com/crypto-browserify/hash-base,Copyright (c) 2016 Kirill Fomichev,,,,,
hash.js,1.1.7,MIT,https://github.com/indutny/hash.js,"Copyright Fedor Indutny, 2014.",,,,,
hmac-drbg,1.0.1,MIT,https://github.com/indutny/hmac-drbg,Copyright Fedor Indutny- 2017.,,,,,
hogan.js,3.0.2,,http://twitter.github.com/hogan.js/,N/A no copyright in license,,,,,
homedir-polyfill,1.0.3,MIT,https://github.com/doowb/homedir-polyfill,Copyright (c) 2016 Brian Woodward,,,,,
hpack.js,2.1.6,MIT,https://github.com/indutny/hpack.js,Copyright Fedor Indutny- 2015.,,,,,
html-entities,1.2.1,MIT,https://github.com/mdevils/node-html-entities,Copyright (c) 2013 Dulin Marat,,,,,
http-deceiver,1.2.7,MIT,https://github.com/indutny/http-deceiver,Copyright Fedor Indutny- 2015.,,,,,
http-parser-js,0.4.10,MIT,https://github.com/creationix/http-parser-js,Copyright (c) 2015 Tim Caswell (https://github.com/creationix) and other,,,,,
https-browserify,1.0.0,MIT,https://github.com/substack/https-browserify,Copyright (c) James Halliday,,,,,
ibm-cos-sdk,1.5.0,Apache-2.0,https://github.com/ibm/ibm-cos-sdk-js,Copyright 2012-2017 Amazon.com- Inc. or its affiliates. All Rights Reserved.,,,,,
ibm-cos-sdk,1.5.1-0,Apache-2.0,https://github.com/ibm/ibm-cos-sdk-js,,,,,,
iconv-lite,0.4.24,MIT,https://github.com/ashtuchkin/iconv-lite,Copyright (c) 2011 Alexander Shtuchkin,,,,,
icss-utils,4.1.1,ISC,https://github.com/css-modules/icss-utils,Copyright 2018 Glen Maddern,,,,,
ieee754,1.1.13,BSD-3-Clause,https://github.com/feross/ieee754,Copyright 2008 Fair Oaks Labs- Inc.,,,,,
iferr,0.1.5,MIT,https://github.com/shesek/iferr,Copyright (c) 2014 Nadav Ivgi,,,,,
ignore-loader,0.1.2,,https://github.com/cherrry/ignore-loader,Copyright (c) 2016 Cherry Ng,,,,,
ignore-walk,3.0.1,ISC,https://github.com/isaacs/ignore-walk,Copyright (c) Isaac Z. Schlueter and Contributors,,,,,
iltorb,2.4.3,MIT,https://github.com/MayhemYDG/iltorb,Copyright (c) 2009- 2010- 2013-2016 by the Brotli Authors.,,,,,
import-local,2.0.0,MIT,https://github.com/sindresorhus/import-local,Copyright (c) Sindre Sorhus <sindresorhus@gmail.com> (sindresorhus.com),,,,,
imurmurhash,0.1.4,MIT,https://github.com/jensyt/imurmurhash-js,Copyright (c) 2013 Gary Court- Jens Taylor,,,,,
indexes-of,1.0.1,MIT,https://github.com/dominictarr/indexes-of,Copyright (c) 2013 Dominic Tarr,,,,,
internal-ip,4.3.0,MIT,https://github.com/sindresorhus/internal-ip,Copyright (c) Sindre Sorhus <sindresorhus@gmail.com> (sindresorhus.com),,,,,
invert-kv,2.0.0,MIT,https://github.com/sindresorhus/invert-kv,Copyright (c) Sindre Sorhus <sindresorhus@gmail.com> (sindresorhus.com),,,,,
ip-regex,2.1.0,MIT,https://github.com/sindresorhus/ip-regex,Copyright (c) Sindre Sorhus <sindresorhus@gmail.com> (sindresorhus.com),,,,,
is-binary-path,1.0.1,MIT,https://github.com/sindresorhus/is-binary-path,Copyright (c) Sindre Sorhus <sindresorhus@gmail.com> (sindresorhus.com),,,,,
is-number,3.0.0,MIT,https://github.com/jonschlinkert/is-number,Copyright (c) 2014-2016- Jon Schlinkert,,,,,
is-path-cwd,2.2.0,MIT,https://github.com/sindresorhus/is-path-cwd,Copyright (c) Sindre Sorhus <sindresorhus@gmail.com> (sindresorhus.com),,,,,
is-path-in-cwd,2.1.0,MIT,https://github.com/sindresorhus/is-path-in-cwd,Copyright (c) Sindre Sorhus <sindresorhus@gmail.com> (sindresorhus.com),,,,,
is-path-inside,2.1.0,MIT,https://github.com/sindresorhus/is-path-inside,Copyright (c) Sindre Sorhus <sindresorhus@gmail.com> (sindresorhus.com),,,,,
is-plain-obj,1.1.0,MIT,https://github.com/sindresorhus/is-plain-obj,Copyright (c) Sindre Sorhus <sindresorhus@gmail.com> (sindresorhus.com),,,,,
is-plain-object,2.0.4,MIT,https://github.com/jonschlinkert/is-plain-object,Copyright (c) 2014-2017- Jon Schlinkert.,,,,,
is-windows,1.0.2,MIT,https://github.com/jonschlinkert/is-windows,Copyright (c) 2015-2018- Jon Schlinkert.,,,,,
is-wsl,1.1.0,MIT,https://github.com/sindresorhus/is-wsl,Copyright (c) Sindre Sorhus <sindresorhus@gmail.com> (sindresorhus.com),,,,,
isobject,3.0.1,MIT,https://github.com/jonschlinkert/isobject,Copyright (c) 2014-2017- Jon Schlinkert.,,,,,
jmespath,0.15.0,,https://github.com/jmespath/jmespath.js,Copyright 2014 James Saryerwinnie,,,,,
js-beautify,1.10.0,MIT,https://beautifier.io/,Copyright (c) 2007-2018 Einar Lielmanis- Liam Newman- and contributors.,,,,,
json-colorizer,2.2.1,MIT,https://github.com/joeattardi/json-colorizer,Copyright (c) 2016 Joe Attardi,,,,,
json3,3.3.3,MIT,https://bestiejs.github.io/json3,Copyright (c) 2012-2015 Kit Cambridge.,,,,,
json5,0.5.1,MIT,http://json5.org/,Copyright (c) 2012-2016 Aseem Kishore- and [others](https://github.com/aseemk/json5/contributors).,,,,,
jsonfile,4.0.0,MIT,https://github.com/jprichardson/node-jsonfile,Copyright (c) 2012-2015- JP Richardson <jprichardson@gmail.com>,,,,,
jstransform,11.0.3,BSD-3-Clause,https://github.com/facebook/jstransform,Copyright (c) 2013-present- Facebook- Inc. All rights reserved.,,,,,
killable,1.0.1,ISC,https://github.com/marten-de-vries/killable,Copyright 2014 Marten de Vries,,,,,
kind-of,4.0.0,MIT,https://github.com/jonschlinkert/kind-of,Copyright (c) 2014-2017- Jon Schlinkert,,,,,
lazystream,1.0.0,MIT,https://github.com/jpommerening/node-lazystream,Copyright (c) 2013 J. Pommerening- contributors.,,,,,
lcid,2.0.0,MIT,https://github.com/sindresorhus/lcid,Copyright (c) Sindre Sorhus <sindresorhus@gmail.com> (sindresorhus.com),,,,,
loader-runner,2.4.0,MIT,https://github.com/webpack/loader-runner,Copyright (c) Tobias Koppers @sokra,,,,,
loader-utils,0.2.17,MIT,https://github.com/webpack/loader-utils,Copyright (c) 2012 - 2015 Tobias Koppers,,,,,
loader-utils,1.2.3,MIT,https://github.com/webpack/loader-utils,Copyright JS Foundation and other contributors,,,,,
locate-path,3.0.0,MIT,https://github.com/sindresorhus/locate-path,Copyright (c) Sindre Sorhus <sindresorhus@gmail.com> (sindresorhus.com),,,,,
locate-path,5.0.0,MIT,https://github.com/sindresorhus/locate-path,Copyright (c) Sindre Sorhus <sindresorhus@gmail.com> (sindresorhus.com),,,,,
lodash,4.17.15,MIT,https://lodash.com/,Copyright OpenJS Foundation and other contributors <https://openjsf.org/>,,,,,
lodash.defaults,4.2.0,MIT,https://lodash.com/,Copyright jQuery Foundation and other contributors <https://jquery.org/>,,,,,
lodash.difference,4.5.0,MIT,https://lodash.com/,Copyright jQuery Foundation and other contributors <https://jquery.org/>,,,,,
lodash.flatten,4.4.0,MIT,https://lodash.com/,Copyright jQuery Foundation and other contributors <https://jquery.org/>,,,,,
lodash.isplainobject,4.0.6,MIT,https://lodash.com/,Copyright jQuery Foundation and other contributors <https://jquery.org/>,,,,,
lodash.union,4.6.0,MIT,https://lodash.com/,Copyright jQuery Foundation and other contributors <https://jquery.org/>,,,,,
loglevel,1.6.3,MIT,https://github.com/pimterry/loglevel,Copyright (c) 2013 Tim Perry,,,,,
lru-cache,4.1.5,ISC,https://github.com/isaacs/node-lru-cache,Copyright (c) Isaac Z. Schlueter and Contributors,,,,,
lru-cache,5.1.1,ISC,https://github.com/isaacs/node-lru-cache,Copyright (c) Isaac Z. Schlueter and Contributors,,,,,
make-dir,2.1.0,MIT,https://github.com/sindresorhus/make-dir,Copyright (c) Sindre Sorhus <sindresorhus@gmail.com> (sindresorhus.com),,,,,
make-dir,3.0.0,MIT,https://github.com/sindresorhus/make-dir,Copyright (c) Sindre Sorhus <sindresorhus@gmail.com> (sindresorhus.com),,,,,
mamacro,0.0.3,MIT,https://registry.npmjs.org/mamacro/-/mamacro-0.0.3.tgz,Copyright (c) 2018 Sven Sauleau <sven@sauleau.com>,,,,,
map-age-cleaner,0.1.3,MIT,https://github.com/SamVerschueren/map-age-cleaner,Copyright (c) Sam Verschueren <sam.verschueren@gmail.com> (github.com/SamVerschueren),,,,,
marked,0.6.2,MIT,https://marked.js.org,Copyright (c) 2011-2018- Christopher Jeffrey (https://github.com/chjj/),,,,,
md5.js,1.3.5,MIT,https://github.com/crypto-browserify/md5.js,Copyright (c) 2016 Kirill Fomichev,,,,,
mem,4.3.0,MIT,https://github.com/sindresorhus/mem,Copyright (c) Sindre Sorhus <sindresorhus@gmail.com> (sindresorhus.com),,,,,
memory-fs,0.4.1,MIT,https://github.com/webpack/memory-fs,,,,,,
merge,1.2.1,MIT,https://github.com/yeikos/js.merge,Copyright (c) 2014 yeikos,,,,,
miller-rabin,4.0.1,MIT,https://github.com/indutny/miller-rabin,Copyright Fedor Indutny- 2014.,,,,,
mime,2.4.4,MIT,https://github.com/broofa/node-mime,Copyright (c) 2010 Benjamin Thomas- Robert Kieffer,,,,,
mimic-fn,2.1.0,MIT,https://github.com/sindresorhus/mimic-fn,Copyright (c) Sindre Sorhus <sindresorhus@gmail.com> (sindresorhus.com),,,,,
mimic-response,1.0.1,MIT,https://github.com/sindresorhus/mimic-response,Copyright (c) Sindre Sorhus <sindresorhus@gmail.com> (sindresorhus.com),,,,,
minimalistic-assert,1.0.1,ISC,https://github.com/calvinmetcalf/minimalistic-assert,Copyright 2015 Calvin Metcalf,,,,,
minimalistic-crypto-utils,1.0.1,MIT,https://github.com/indutny/minimalistic-crypto-utils,Copyright Fedor Indutny- 2017.,,,,,
minipass,2.3.5,ISC,https://github.com/isaacs/minipass,Copyright (c) npm- Inc. and Contributors,,,,,
minizlib,1.2.1,MIT,https://github.com/isaacs/minizlib,Copyright Isaac Z. Schlueter and Contributors,,,,,
mississippi,3.0.0,BSD-2-Clause,https://github.com/maxogden/mississippi,N/A no copyright in license,,,,,
mixin-deep,1.3.2,MIT,https://github.com/jonschlinkert/mixin-deep,Copyright (c) 2014-2015- 2017- Jon Schlinkert.,,,,,
mkdirp,0.3.0,X11,https://github.com/substack/node-mkdirp,Copyright 2010 James Halliday (mail@substack.net),,,,,
modify-filename,1.1.0,MIT,https://github.com/sindresorhus/modify-filename,Copyright (c) Sindre Sorhus <sindresorhus@gmail.com> (sindresorhus.com),,,,,
monaco-editor,0.14.3,MIT,https://github.com/Microsoft/monaco-editor,Copyright (c) 2016 - present Microsoft Corporation,,,,,
morgan,1.9.1,MIT,https://github.com/expressjs/morgan,Copyright (c) 2014 Jonathan Ong <me@jongleberry.com>,,,,,
move-concurrently,1.0.1,ISC,https://www.npmjs.com/package/move-concurrently,Copyright (c) 2017- Rebecca Turner,,,,,
multicast-dns,6.2.3,MIT,https://github.com/mafintosh/multicast-dns,Copyright (c) 2015 Mathias Buus,,,,,
multicast-dns-service-types,1.1.0,MIT,https://github.com/mafintosh/multicast-dns-service-types,Copyright (c) 2015 Mathias Buus,,,,,
nan,2.12.1,MIT,https://github.com/nodejs/nan,Copyright (c) 2018 NAN contributors,,,,,
nan,2.14.0,MIT,https://github.com/nodejs/nan,Copyright (c) 2018 NAN contributors,,,,,
napi-build-utils,1.0.0,MIT,https://github.com/inspiredware/napi-build-utils,Copyright (c) 2018 inspiredware,,,,,
napi-build-utils,1.0.1,MIT,https://github.com/inspiredware/napi-build-utils,Copyright (c) 2018 inspiredware,,,,,
needle,2.3.0,MIT,https://github.com/tomas/needle,Copyright (c) Fork- Ltd.,,,,,
needle,2.4.0,MIT,https://github.com/tomas/needle,Copyright (c) Fork- Ltd.,,,,,
neo-async,2.6.1,MIT,https://github.com/suguru03/neo-async,Copyright (c) 2014-2018 Suguru Motegi,,,,,
node-abi,2.9.0,MIT,https://github.com/lgeiger/node-abi,Copyright (c) 2016 Lukas Geiger,,,,,
node-forge,0.7.5,BSD-3-Clause|GPL-2.0,https://github.com/digitalbazaar/forge,Copyright (c) 2010- Digital Bazaar- Inc. All rights reserved.,,,,,
node-libs-browser,2.2.1,MIT,http://github.com/webpack/node-libs-browser,Copyright (c) 2012 Tobias Koppers,,,,,
node-pre-gyp,0.12.0,BSD-3-Clause,https://github.com/mapbox/node-pre-gyp,Copyright (c)- Mapbox  All rights reserved.,,,,,
node-pty,0.8.1,MIT,https://github.com/Tyriar/node-pty,Copyright (c) 2011-2016 Ryan Prichard,,,,,
noop-logger,0.1.1,MIT,https://github.com/segmentio/noop-logger,N/A no copyright in license,,,,,
normalize-path,2.1.1,MIT,https://github.com/jonschlinkert/normalize-path,Copyright (c) 2014-2017- Jon Schlinkert,,,,,
normalize-path,3.0.0,MIT,https://github.com/jonschlinkert/normalize-path,Copyright (c) 2014-2018- Jon Schlinkert.,,,,,
npm-bundled,1.0.6,ISC,https://github.com/npm/npm-bundled,Copyright (c) npm- Inc. and Contributors,,,,,
npm-packlist,1.4.1,ISC,https://www.npmjs.com/package/npm-packlist,Copyright (c) Isaac Z. Schlueter and Contributors,,,,,
obuf,1.1.2,MIT,https://github.com/indutny/offset-buffer,Copyright Fedor Indutny- 2015.,,,,,
open,6.3.0,MIT,https://github.com/sindresorhus/open,Copyright (c) Sindre Sorhus <sindresorhus@gmail.com> (sindresorhus.com),,,,,
opn,5.5.0,MIT,https://github.com/sindresorhus/opn,Copyright (c) Sindre Sorhus <sindresorhus@gmail.com> (sindresorhus.com),,,,,
original,1.0.2,MIT,https://github.com/unshiftio/original,Copyright (c) 2015 Unshift.io- Arnout Kazemier-  the Contributors.,,,,,
os-browserify,0.3.0,MIT,https://github.com/CoderPuppy/os-browserify,Copyright (c) 2017 CoderPuppy,,,,,
os-locale,3.1.0,MIT,https://github.com/sindresorhus/os-locale,Copyright (c) Sindre Sorhus <sindresorhus@gmail.com> (sindresorhus.com),,,,,
osenv,0.1.5,ISC,https://github.com/npm/osenv,Copyright (c) Isaac Z. Schlueter and Contributors,,,,,
p-defer,1.0.0,MIT,https://github.com/sindresorhus/p-defer,Copyright (c) Sindre Sorhus <sindresorhus@gmail.com> (sindresorhus.com),,,,,
p-is-promise,2.1.0,MIT,https://github.com/sindresorhus/p-is-promise,Copyright (c) Sindre Sorhus <sindresorhus@gmail.com> (sindresorhus.com),,,,,
p-limit,2.2.0,MIT,https://github.com/sindresorhus/p-limit,Copyright (c) Sindre Sorhus <sindresorhus@gmail.com> (sindresorhus.com),,,,,
p-locate,3.0.0,MIT,https://github.com/sindresorhus/p-locate,Copyright (c) Sindre Sorhus <sindresorhus@gmail.com> (sindresorhus.com),,,,,
p-locate,4.1.0,MIT,https://github.com/sindresorhus/p-locate,Copyright (c) Sindre Sorhus <sindresorhus@gmail.com> (sindresorhus.com),,,,,
p-map,2.1.0,MIT,https://github.com/sindresorhus/p-map,Copyright (c) Sindre Sorhus <sindresorhus@gmail.com> (sindresorhus.com),,,,,
p-retry,3.0.1,MIT,https://github.com/sindresorhus/p-retry,Copyright (c) Sindre Sorhus <sindresorhus@gmail.com> (sindresorhus.com),,,,,
p-try,2.2.0,MIT,https://github.com/sindresorhus/p-try,Copyright (c) Sindre Sorhus <sindresorhus@gmail.com> (sindresorhus.com),,,,,
pako,1.0.10,,https://github.com/nodeca/pako,Copyright (C) 2014-2017 by Vitaly Puzrin and Andrei Tuputcyn,,,,,
parallel-transform,1.1.0,MIT,https://github.com/mafintosh/parallel-transform,Copyright 2013 Mathias Buus,,,,,
parse-asn1,5.1.4,ISC,https://github.com/crypto-browserify/parse-asn1,Copyright (c) 2017- crypto-browserify contributors,,,,,
parse-duration,0.1.1,MIT,https://github.com/jkroso/parse-duration,Copyright (c) 2013 Jake Rosoman <jkroso@gmail.com>,,,,,
parse-ms,2.1.0,MIT,https://github.com/sindresorhus/parse-ms,Copyright (c) Sindre Sorhus <sindresorhus@gmail.com> (sindresorhus.com),,,,,
parse-passwd,1.0.0,MIT,https://github.com/doowb/parse-passwd,Copyright (c) 2016 Brian Woodward,,,,,
path-browserify,0.0.1,MIT,https://github.com/substack/path-browserify,N/A no copyright in license,,,,,
path-exists,4.0.0,MIT,https://github.com/sindresorhus/path-exists,Copyright (c) Sindre Sorhus <sindresorhus@gmail.com> (sindresorhus.com),,,,,
path-is-inside,1.0.2,WTFPL,https://github.com/domenic/path-is-inside,Copyright ¬© 2013‚Äì2016 Domenic Denicola <d@domenic.me>,,,,,
pbkdf2,3.0.17,MIT,https://github.com/crypto-browserify/pbkdf2,Copyright (c) 2014 Daniel Cousens,,,,,
pend,1.2.0,MIT,https://github.com/andrewrk/node-pend,Copyright (c) 2014 Andrew Kelley,,,,,
pify,4.0.1,MIT,https://github.com/sindresorhus/pify,Copyright (c) Sindre Sorhus <sindresorhus@gmail.com> (sindresorhus.com),,,,,
pkg-dir,3.0.0,MIT,https://github.com/sindresorhus/pkg-dir,Copyright (c) Sindre Sorhus <sindresorhus@gmail.com> (sindresorhus.com),,,,,
pkg-dir,4.2.0,MIT,https://github.com/sindresorhus/pkg-dir,Copyright (c) Sindre Sorhus <sindresorhus@gmail.com> (sindresorhus.com),,,,,
portfinder,1.0.21,MIT,https://github.com/indexzero/node-portfinder,Copyright (c) 2012 Charlie Robbins,,,,,
postcss,7.0.17,MIT,https://postcss.org/,Copyright 2013 Andrey Sitnik <andrey@sitnik.ru>,,,,,
postcss-modules-extract-imports,2.0.0,ISC,https://github.com/css-modules/postcss-modules-extract-imports,Copyright 2015 Glen Maddern,,,,,
postcss-modules-local-by-default,3.0.2,MIT,https://github.com/css-modules/postcss-modules-local-by-default,Copyright 2015 Mark Dalgleish <mark.john.dalgleish@gmail.com>,,,,,
postcss-modules-scope,2.1.0,ISC,https://github.com/css-modules/postcss-modules-scope,Copyright (c) 2015- Glen Maddern,,,,,
postcss-modules-values,3.0.0,ISC,https://github.com/css-modules/postcss-modules-values,Copyright (c) 2015- Glen Maddern,,,,,
postcss-selector-parser,6.0.2,MIT,https://github.com/postcss/postcss-selector-parser,Copyright (c) Ben Briggs <beneb.info@gmail.com> (http://beneb.info),,,,,
postcss-value-parser,4.0.0,MIT,https://github.com/TrySound/postcss-value-parser,Copyright (c) Bogdan Chadkin <trysound@yandex.ru>,,,,,
prebuild-install,5.3.0,MIT,https://github.com/prebuild/prebuild-install,Copyright (c) 2015 Mathias Buus,,,,,
pretty-ms,5.0.0,MIT,https://github.com/sindresorhus/pretty-ms,Copyright (c) Sindre Sorhus <sindresorhus@gmail.com> (sindresorhus.com),,,,,
private,0.1.8,MIT,http://github.com/benjamn/private,Copyright (c) 2014 Ben Newman <bn@cs.stanford.edu>,,,,,
promise-inflight,1.0.1,ISC,https://github.com/iarna/promise-inflight,Copyright (c) 2017- Rebecca Turner,,,,,
prop-types,15.7.2,MIT,https://facebook.github.io/react/,Copyright (c) 2013-present- Facebook- Inc.,,,,,
prr,1.0.1,MIT,https://github.com/rvagg/prr,Copyright (c) 2014 Rod Vagg,,,,,
public-encrypt,4.0.3,MIT,https://github.com/crypto-browserify/publicEncrypt,Copyright (c) 2017 Calvin Metcalf,,,,,
pump,2.0.1,MIT,https://github.com/mafintosh/pump,Copyright (c) 2014 Mathias Buus,,,,,
pump,3.0.0,MIT,https://github.com/mafintosh/pump,Copyright (c) 2014 Mathias Buus,,,,,
pumpify,1.5.1,MIT,https://github.com/mafintosh/pumpify,Copyright (c) 2014 Mathias Buus,,,,,
pupa,1.0.0,MIT,https://github.com/sindresorhus/pupa,Copyright (c) Sindre Sorhus <sindresorhus@gmail.com> (sindresorhus.com),,,,,
q,1.5.1,MIT,https://github.com/kriskowal/q,Copyright 2009‚Äì2017 Kristopher Michael Kowal. All rights reserved.,,,,,
querystring-es3,0.2.1,,https://github.com/mike-spainhower/querystring,Copyright 2012 Irakli Gozalishvili. All rights reserved.,,,,,
querystringify,2.1.1,MIT,https://github.com/unshiftio/querystringify,Copyright (c) 2015 Unshift.io- Arnout Kazemier-  the Contributors.,,,,,
randombytes,2.1.0,MIT,https://github.com/crypto-browserify/randombytes,Copyright (c) 2017 crypto-browserify,,,,,
randomfill,1.0.4,MIT,https://github.com/crypto-browserify/randomfill,Copyright (c) 2017 crypto-browserify,,,,,
raw-body,2.4.0,MIT,https://github.com/stream-utils/raw-body,Copyright (c) 2013-2014 Jonathan Ong <me@jongleberry.com>,,,,,
raw-loader,3.0.0,MIT,https://github.com/webpack-contrib/raw-loader,Copyright JS Foundation and other contributors,,,,,
rc,1.2.8,Apache-2.0|BSD-2-Clause,https://github.com/dominictarr/rc,Copyright (c) 2011 Dominic Tarr,,,,,
react,0.14.9,BSD-3-Clause,https://facebook.github.io/react/,Copyright (c) 2013-2015- Facebook- Inc. All rights reserved.,,,,,
react,16.8.6,MIT,https://reactjs.org/,Copyright (c) Facebook- Inc. and its affiliates.,,,,,
react-dom,0.14.9,BSD-3-Clause,https://facebook.github.io/react/,Copyright (c) 2013-2015- Facebook- Inc. All rights reserved.,,,,,
react-dom,16.8.6,MIT,https://reactjs.org/,Copyright (c) Facebook- Inc. and its affiliates.,,,,,
react-is,16.8.6,MIT,https://reactjs.org/,Copyright (c) Facebook- Inc. and its affiliates.,,,,,
readable-stream,3.4.0,MIT,https://github.com/nodejs/readable-stream,Copyright Node.js contributors. All rights reserved.,,,,,
readdirp,2.2.1,MIT,https://github.com/paulmillr/readdirp,Copyright (c) 2012-2015 Thorsten Lorenz,,,,,
recast,0.11.23,MIT,http://github.com/benjamn/recast,Copyright (c) 2012 Ben Newman <bn@cs.stanford.edu>,,,,,
remove-trailing-separator,1.1.0,ISC,https://github.com/darsain/remove-trailing-separator,Copyright (c) 2017 Tomas Sardyha <darsain@gmail.com>,,,,,
repeat-element,1.1.3,MIT,https://github.com/jonschlinkert/repeat-element,Copyright (c) 2015-present- Jon Schlinkert.,,,,,
require-main-filename,2.0.0,ISC,https://github.com/yargs/require-main-filename,Copyright (c) 2016- Contributors,,,,,
requires-port,1.0.0,MIT,https://github.com/unshiftio/requires-port,Copyright (c) 2015 Unshift.io- Arnout Kazemier-  the Contributors.,,,,,
resolve-cwd,2.0.0,MIT,https://github.com/sindresorhus/resolve-cwd,Copyright (c) Sindre Sorhus <sindresorhus@gmail.com> (sindresorhus.com),,,,,
resolve-dir,1.0.1,MIT,https://github.com/jonschlinkert/resolve-dir,Copyright (c) 2015-2016- Jon Schlinkert,,,,,
resolve-from,3.0.0,MIT,https://github.com/sindresorhus/resolve-from,Copyright (c) Sindre Sorhus <sindresorhus@gmail.com> (sindresorhus.com),,,,,
retry,0.12.0,MIT,https://github.com/tim-kos/node-retry,Copyright (c) 2011:,,,,,
rimraf,2.6.3,ISC,https://github.com/isaacs/rimraf,Copyright (c) Isaac Z. Schlueter and Contributors,,,,,
ripemd160,2.0.2,MIT,https://github.com/crypto-browserify/ripemd160,Copyright (c) 2016 crypto-browserify,,,,,
run-queue,1.0.3,ISC,https://npmjs.com/package/run-queue,N/A no copyright in license,,,,,
sax,1.2.4,ISC,https://github.com/isaacs/sax-js,Copyright (c) Isaac Z. Schlueter and Contributors,,,,,
scheduler,0.13.6,MIT,https://reactjs.org/,Copyright (c) Facebook- Inc. and its affiliates.,,,,,
schema-utils,1.0.0,MIT,https://github.com/webpack-contrib/schema-utils,Copyright JS Foundation and other contributors,,,,,
select-hose,2.0.0,MIT,https://github.com/indutny/select-hose,Copyright Fedor Indutny- 2015.,,,,,
selfsigned,1.10.4,MIT,https://github.com/jfromaniello/selfsigned,Copyright (c) 2013 Jos√©¬†F. Romaniello,,,,,
semver,6.1.1,ISC,https://github.com/npm/node-semver,Copyright (c) Isaac Z. Schlueter and Contributors,,,,,
semver,6.2.0,ISC,https://github.com/npm/node-semver,Copyright (c) Isaac Z. Schlueter and Contributors,,,,,
send,0.17.1,MIT,https://github.com/pillarjs/send,Copyright (c) 2012 TJ Holowaychuk,,,,,
serialize-javascript,1.7.0,BSD-3-Clause,https://github.com/yahoo/serialize-javascript,Copyright 2014 Yahoo! Inc. All rights reserved.,,,,,
serve-index,1.9.1,MIT,https://github.com/expressjs/serve-index,Copyright (c) 2010 Sencha Inc.,,,,,
serve-static,1.14.1,MIT,https://github.com/expressjs/serve-static,Copyright (c) 2010 Sencha Inc.,,,,,
set-value,2.0.1,MIT,https://github.com/jonschlinkert/set-value,Copyright (c) 2014-2017- Jon Schlinkert,,,,,
sha.js,2.4.11,BSD-3-Clause,https://github.com/crypto-browserify/sha.js,Copyright (c) 2013-2018 sha.js contributors,,,,,
shebang-loader,0.0.1,MIT,https://github.com/javascriptismagic/shebang-loader,Copyright (c) 2016 unicorn.coffee,,,,,
simple-concat,1.0.0,MIT,https://github.com/feross/simple-concat,Copyright (c) Feross Aboukhadijeh,,,,,
simple-get,2.8.1,MIT,https://github.com/feross/simple-get,Copyright (c) Feross Aboukhadijeh,,,,,
simple-html-tokenizer,0.1.1,MIT,https://github.com/tildeio/simple-html-tokenizer,Copyright (c) 2014 Yehuda Katz and contributors,,,,,
sockjs,0.3.19,MIT,https://github.com/sockjs/sockjs-node,Copyright (C) 2011 VMware- Inc.,,,,,
sockjs-client,1.3.0,MIT,http://sockjs.org,Copyright (c) 2011-2012 VMware- Inc.,,,,,
sort-keys,1.1.2,MIT,https://github.com/sindresorhus/sort-keys,Copyright (c) Sindre Sorhus <sindresorhus@gmail.com> (sindresorhus.com),,,,,
sort-keys-length,1.0.1,MIT,https://github.com/kevva/sort-keys-length,Copyright (c) Kevin M√•rtensson,,,,,
source-list-map,2.0.1,MIT,https://github.com/webpack/source-list-map,Copyright 2017 JS Foundation,,,,,
source-map-loader,0.2.4,MIT,https://github.com/webpack-contrib/source-map-loader,Copyright JS Foundation and other contributors,,,,,
source-map-support,0.5.12,MIT,https://github.com/evanw/node-source-map-support,Copyright (c) 2014 Evan Wallace,,,,,
spdy,4.0.0,MIT,https://github.com/indutny/node-spdy,Copyright Fedor Indutny- 2015.,,,,,
spdy-transport,3.0.0,MIT,https://github.com/spdy-http2/spdy-transport,Copyright Fedor Indutny- 2015.,,,,,
ssri,6.0.1,ISC,https://github.com/zkat/ssri,Copyright (c) npm- Inc.,,,,,
stream-browserify,2.0.2,MIT,https://github.com/browserify/stream-browserify,Copyright (c) James Halliday,,,,,
stream-each,1.2.3,MIT,https://github.com/mafintosh/stream-each,Copyright (c) 2015 Mathias Buus,,,,,
stream-http,2.8.3,MIT,https://github.com/jhiesey/stream-http,Copyright (c) 2015 John Hiesey,,,,,
string-width,3.1.0,MIT,https://github.com/sindresorhus/string-width,Copyright (c) Sindre Sorhus <sindresorhus@gmail.com> (sindresorhus.com),,,,,
string.prototype.codepointat,0.2.1,MIT,https://mths.be/codepointat,Copyright Mathias Bynens <https://mathiasbynens.be/>,,,,,
strip-ansi,5.2.0,MIT,https://github.com/chalk/strip-ansi,Copyright (c) Sindre Sorhus <sindresorhus@gmail.com> (sindresorhus.com),,,,,
supports-color,5.5.0,MIT,https://github.com/chalk/supports-color,Copyright (c) Sindre Sorhus <sindresorhus@gmail.com> (sindresorhus.com),,,,,
supports-color,6.1.0,MIT,https://github.com/chalk/supports-color,Copyright (c) Sindre Sorhus <sindresorhus@gmail.com> (sindresorhus.com),,,,,
svg-inline-loader,0.8.0,MIT,https://github.com/sairion/svg-inline-loader,Copyright JS Foundation and other contributors,,,,,
tapable,1.1.3,MIT,https://github.com/webpack/tapable,Copyright (c) Tobias Koppers @sokra,,,,,
tar,4.4.8,ISC,https://github.com/npm/node-tar,Copyright (c) Isaac Z. Schlueter and Contributors,,,,,
terser,4.1.2,BSD-2-Clause,https://github.com/fabiosantoscode/terser,Copyright 2012-2018 (c) Mihai Bazon <mihai.bazon@gmail.com>,,,,,
terser-webpack-plugin,1.3.0,MIT,https://github.com/webpack-contrib/terser-webpack-plugin,Copyright JS Foundation and other contributors,,,,,
through2,2.0.5,MIT,https://github.com/rvagg/through2,"**Copyright (c) Rod Vagg (the ""Original Author"") and additional contributors**",,,,,
thunky,1.0.3,MIT,https://github.com/mafintosh/thunky,Copyright (c) 2018 Mathias Buus,,,,,
timers-browserify,2.0.10,,https://github.com/jryans/timers-browserify,Copyright ¬© 2012 J. Ryan Stinnett <jryans@gmail.com>,,,,,
tmp,0.1.0,MIT,http://github.com/raszi/node-tmp,Copyright (c) 2014 KARASZI Istv√°n,,,,,
to-arraybuffer,1.0.1,MIT,https://github.com/jhiesey/to-arraybuffer,Copyright (c) 2016 John Hiesey,,,,,
to-string-loader,1.1.5,BSD-3-Clause,https://github.com/gajus/to-string-loader,N/A no copyright in license,,,,,
tty-browserify,0.0.0,MIT,https://github.com/substack/tty-browserify,N/A no copyright in license,,,,,
ua-parser-js,0.7.20,MIT,http://github.com/faisalman/ua-parser-js,Copyright (c) 2012-2019 Faisal Salman <<f@faisalman.com>>,,,,,
union-value,1.0.1,MIT,https://github.com/jonschlinkert/union-value,Copyright (c) 2015-2017- Jon Schlinkert,,,,,
uniq,1.0.1,MIT,https://github.com/mikolalysenko/uniq,Copyright (c) 2013 Mikola Lysenko,,,,,
unique-filename,1.1.1,ISC,https://github.com/iarna/unique-filename,Copyright npm- Inc,,,,,
unique-slug,2.0.2,ISC,https://github.com/iarna/unique-slug,Copyright npm- Inc,,,,,
universalify,0.1.2,MIT,https://github.com/RyanZim/universalify,Copyright (c) 2017- Ryan Zimmerman <opensrc@ryanzim.com>,,,,,
unused-filename,1.0.0,MIT,https://github.com/sindresorhus/unused-filename,Copyright (c) Sindre Sorhus <sindresorhus@gmail.com> (sindresorhus.com),,,,,
upath,1.1.2,MIT,http://github.com/anodynos/upath/,Copyright(c) 2014-2017 Angelos Pikoulas (agelos.pikoulas@gmail.com),,,,,
url,0.10.3,MIT,https://github.com/defunctzombie/node-url,Copyright Joyent- Inc. and other Node contributors.,,,,,
url-parse,1.4.7,MIT,https://github.com/unshiftio/url-parse,Copyright (c) 2015 Unshift.io- Arnout Kazemier-  the Contributors.,,,,,
util,0.11.1,MIT,https://github.com/defunctzombie/node-util,Copyright Joyent- Inc. and other Node contributors. All rights reserved.,,,,,
v8-compile-cache,2.0.3,MIT,https://github.com/zertosh/v8-compile-cache,Copyright (c) 2019 Andres Suarez,,,,,
vm-browserify,1.1.0,MIT,https://github.com/substack/vm-browserify,N/A no copyright in license,,,,,
watchpack,1.6.0,MIT,https://github.com/webpack/watchpack,Copyright JS Foundation and other contributors,,,,,
wbuf,1.7.3,MIT,https://github.com/indutny/wbuf,Copyright Fedor Indutny- 2014.,,,,,
wcwidth,1.0.1,MIT,https://github.com/timoxley/wcwidth,Copyright (C) 2012 by Jun Woong.,,,,,
webpack,4.35.0,MIT,https://github.com/webpack/webpack,Copyright JS Foundation and other contributors,,,,,
webpack-cli,3.3.5,MIT,https://github.com/webpack/webpack-cli,Copyright JS Foundation and other contributors,,,,,
webpack-dev-middleware,3.7.0,MIT,https://github.com/webpack/webpack-dev-middleware,Copyright JS Foundation and other contributors,,,,,
webpack-dev-server,3.7.2,MIT,https://github.com/webpack/webpack-dev-server,Copyright JS Foundation and other contributors,,,,,
webpack-log,2.0.0,MIT,https://github.com/webpack-contrib/webpack-log,Copyright (c) 2017 webpack-contrib,,,,,
webpack-sources,1.3.0,MIT,https://github.com/webpack/webpack-sources,Copyright (c) 2017 JS Foundation and other contributors,,,,,
webpack-visualizer-plugin,0.1.11,MIT,https://github.com/chrisbateman/webpack-visualizer,Copyright (c) 2015 Chris Bateman,,,,,
websocket-driver,0.7.3,Apache-2.0,https://github.com/faye/websocket-driver-node,Copyright 2010-2019 James Coglan,,,,,
websocket-extensions,0.1.3,MIT,http://github.com/faye/websocket-extensions-node,Copyright (c) 2014-2017 James Coglan,,,,,
whatwg-fetch,3.0.0,MIT,https://github.com/github/fetch,Copyright (c) 2014-2016 GitHub- Inc.,,,,,
which-pm-runs,1.0.0,MIT,https://github.com/zkochan/which-pm-runs,Copyright (c) 2017 Zoltan Kochan,,,,,
wide-align,1.1.3,ISC,https://github.com/iarna/wide-align,Copyright (c) 2015- Rebecca Turner,,,,,
worker-farm,1.7.0,MIT,https://github.com/rvagg/node-worker-farm,Copyright (c) 2014 LevelUP contributors,,,,,
wrap-ansi,5.1.0,MIT,https://github.com/chalk/wrap-ansi,Copyright (c) Sindre Sorhus <sindresorhus@gmail.com> (sindresorhus.com),,,,,
ws,7.1.0,MIT,https://github.com/websockets/ws,Copyright (c) 2011 Einar Otto Stangvik <einaros@gmail.com>,,,,,
xml2js,0.4.19,MIT,https://github.com/Leonidas-from-XIV/node-xml2js,Copyright 2010- 2011- 2012- 2013. All rights reserved.,,,,,
xmlbuilder,10.1.1,MIT,http://github.com/oozcitak/xmlbuilder-js,Copyright (c) 2013 Ozgur Ozcitak,,,,,
xmlbuilder,9.0.7,MIT,http://github.com/oozcitak/xmlbuilder-js,Copyright (c) 2013 Ozgur Ozcitak,,,,,
xterm,3.13.0,MIT,https://github.com/xtermjs/xterm.js,Copyright (c) 2017-2019- The xterm.js authors (https://github.com/xtermjs/xterm.js),,,,,
y18n,4.0.0,ISC,https://github.com/yargs/y18n,Copyright (c) 2015- Contributors,,,,,
yallist,3.0.3,ISC,https://github.com/isaacs/yallist,Copyright (c) Isaac Z. Schlueter and Contributors,,,,,
yargs,12.0.5,MIT,https://yargs.js.org/,Copyright 2010 James Halliday (mail@substack.net),,,,,
yargs,13.2.4,MIT,https://yargs.js.org/,Copyright 2010 James Halliday (mail@substack.net),,,,,
yargs-parser,11.1.1,ISC,https://github.com/yargs/yargs-parser,Copyright (c) 2016- Contributors,,,,,
yargs-parser,13.1.1,ISC,https://github.com/yargs/yargs-parser,Copyright (c) 2016- Contributors,,,,,
yauzl,2.4.1,MIT,https://github.com/thejoshwolfe/yauzl,Copyright (c) 2014 Josh Wolfe,,,,,
zip-stream,2.1.0,MIT,https://github.com/archiverjs/node-zip-stream,Copyright (c) 2014 Chris Talkington- contributors.,,,,,
,,,,,,,,,
,,,,,,,,,
COPYRIGHT required for BSD MIT GPL ISC licenses,,,,,,,,,